Rk,Name,Age,Tm,IP,G,GS,Wgs,Lgs,ND,Wchp,Ltuf,Wtm,Ltm,tmW-L%,Wlst,Lsv,CG,SHO,QS,QS%,GmScA,Best,Wrst,BQR,BQS,sDR,lDR,RS/GS,RS/IP,IP/GS,Pit/GS,<80,80-99,100-119,≥120,Max
1,Cory Abbott,25,CHC,17.1,7,1,0,0,1,0,0,0,1,0,1,1,0,0,0,0%,53,53,53,0,0,0,1,3,0,5,85,0,1,0,0,85
2,Joan Adon,22,WSN,5.1,1,1,0,0,1,0,0,0,1,0,1,0,0,0,0,0%,54,54,54,2,1,0,1,5,9,5.3,94,0,1,0,0,94
3,Keegan Akin*,26,BAL,95,24,17,2,10,5,1,1,4,13,0.235,1,2,0,0,2,12%,42,71,18,18,11,0,7,3.9,3.1,4.5,86,4,12,1,0,101
4,Andrew Albers*,35,MIN,19,5,3,1,2,0,1,0,1,2,0.333,0,0,0,0,0,0%,34.3,63,4,0,0,0,2,2.4,2.3,4.1,85,1,2,0,0,98
5,Sandy Alcantara,25,MIA,205.2,33,33,9,15,9,0,6,14,19,0.424,4,2,1,0,23,70%,57.9,88,0,14,6,0,16,3.1,2.9,6.2,94,2,22,9,0,114
6,Tyler Alexander*,26,DET,106.1,41,15,1,3,11,1,1,11,4,0.733,1,3,0,0,3,20%,51.9,69,31,20,5,1,9,5.6,3.4,4.4,69,10,5,0,0,99
7,A.J. Alexy,23,TEX,23,5,4,3,1,0,2,0,3,1,0.75,0,0,0,0,1,25%,56.3,75,31,5,2,0,4,4.2,3.2,4.8,85,0,4,0,0,91
8,Kolby Allard*,23,TEX,124.2,32,17,2,12,3,1,2,3,14,0.176,0,1,0,0,6,35%,47.4,61,21,14,5,0,10,2.8,1.9,5.4,85,4,13,0,0,99
9,Logan Allen*,24,CLE,50.1,14,11,1,7,3,1,0,2,9,0.182,1,1,0,0,2,18%,41.9,70,20,10,6,0,6,3.3,3.6,4,70,8,3,0,0,92
10,Jose Alvarez*,32,SFG,64.2,67,1,0,1,0,0,0,0,1,0,0,0,0,0,0,0%,37,37,37,19,4,1,0,1,0,1.7,39,1,0,0,0,39
11,Adbert Alzolay,26,CHC,125.2,29,21,4,13,4,3,5,6,15,0.286,1,3,0,0,6,29%,50.1,65,20,12,6,0,13,3.4,2.7,5.1,80,9,10,2,0,103
12,Brett Anderson*,33,MIL,96,24,24,4,9,11,2,0,10,14,0.417,3,1,0,0,3,13%,48,83,23,19,10,1,21,3.7,4.3,4,63,18,6,0,0,97
13,Chase Anderson,33,PHI,48,14,9,2,4,3,2,0,4,5,0.444,0,1,0,0,0,0%,42.8,57,9,9,8,0,5,4.5,4.2,4,77,4,5,0,0,92
14,Drew Anderson,27,TEX,22,9,1,0,1,0,0,0,0,1,0,0,0,0,0,0,0%,26,26,26,2,2,1,0,3,6,2,60,1,0,0,0,60
15,Ian Anderson,23,ATL,128.1,24,24,9,5,10,3,1,13,11,0.542,1,8,0,0,10,42%,54.4,82,28,16,4,0,16,5.3,3.3,5.3,91,2,21,1,0,110
16,Tyler Anderson*,31,TOT,167,31,31,7,11,13,3,3,16,15,0.516,2,7,0,0,11,35%,50,75,1,21,6,1,24,3.6,2.8,5.4,84,7,21,3,0,102
17,Tyler Anderson*,31,PIT,103.1,18,18,5,8,5,3,2,9,9,0.5,1,2,0,0,7,39%,51.5,75,16,6,3,0,17,3.4,2.7,5.7,88,4,11,3,0,102
18,Tyler Anderson*,31,SEA,63.2,13,13,2,3,8,0,1,7,6,0.538,1,5,0,0,4,31%,48,71,1,15,3,1,7,3.8,2.8,4.9,79,3,10,0,0,94
19,Chris Archer,32,TBR,19.1,6,5,1,0,4,1,0,5,0,1,0,0,0,0,0,0%,52,57,42,3,2,0,5,9.2,12.2,3.5,55,5,0,0,0,78
20,Kohei Arihara,28,TEX,40.2,10,10,2,4,4,2,0,4,6,0.4,1,1,0,0,0,0%,42.7,69,20,9,0,0,7,4.4,5.1,4.1,70,9,1,0,0,85
21,Jake Arrieta,35,TOT,98.2,24,24,5,14,5,2,1,6,18,0.25,0,3,0,0,4,17%,40,69,9,8,5,0,13,3.5,3.4,4.1,73,14,9,1,0,101
22,Jake Arrieta,35,CHC,86.1,20,20,5,11,4,2,1,6,14,0.3,0,2,0,0,4,20%,40.8,69,9,5,2,0,10,3.4,3.3,4.3,77,10,9,1,0,101
23,Jake Arrieta,35,SDP,12.1,4,4,0,3,1,0,0,0,4,0,0,1,0,0,0,0%,36.3,51,26,3,3,0,3,4,3.9,3.1,54,4,0,0,0,68
24,Aaron Ashby*,23,MIL,31.2,13,4,1,0,3,1,0,4,0,1,0,1,0,0,0,0%,47,60,19,3,2,1,3,9.6,6.5,2.9,48,4,0,0,0,73
25,Pedro Avila,24,SDP,4,1,1,0,1,0,0,0,0,1,0,0,0,0,0,0,0%,50,50,50,0,0,0,1,0,0,4,84,0,1,0,0,84
26,Charlie Barnes*,25,MIN,38,9,8,0,3,5,0,0,5,3,0.625,1,1,0,0,0,0%,41.9,60,20,4,2,0,6,4.8,3.9,4.2,73,6,1,1,0,109
27,Jaime Barria,24,LAA,56.2,13,11,2,4,5,0,1,4,7,0.364,0,1,0,0,4,36%,48.2,68,27,9,0,0,9,3.3,2.6,4.6,73,5,6,0,0,96
28,Anthony Bass,33,MIA,61.1,70,1,0,1,0,0,0,0,1,0,0,0,0,0,0,0%,49,49,49,22,9,1,0,0,0,1,11,1,0,0,0,11
29,Chris Bassitt,32,OAK,157.1,27,27,12,4,11,2,1,17,10,0.63,3,3,1,1,16,59%,58.2,91,28,9,6,0,17,4.9,5.3,5.8,88,4,16,7,0,114
30,Trevor Bauer,30,LAD,107.2,17,17,8,5,4,1,4,8,9,0.471,2,3,1,0,14,82%,63,83,41,6,1,0,8,3.9,3.6,6.3,105,0,6,10,1,126
31,Shane Baz,22,TBR,13.1,3,3,2,0,1,2,0,3,0,1,0,1,0,0,0,0%,61.7,71,54,3,0,0,3,7.6,6.9,4.4,66,2,1,0,0,82
32,Cam Bedrosian,29,TOT,25,26,1,0,0,1,0,0,1,0,1,0,0,0,0,0,0%,,55,55,8,2,1,0,19.1,0,1.3,28,1,0,0,0,28
33,Cam Bedrosian,29,TOT,16,17,1,0,0,1,0,0,1,0,1,0,0,0,0,0,0%,,55,55,7,2,1,0,19.1,0,1.3,28,1,0,0,0,28
34,Cam Bedrosian,29,PHI,10.1,11,1,0,0,1,0,0,1,0,1,0,0,0,0,0,0%,55,55,55,3,0,1,0,19.1,0,1.3,28,1,0,0,0,28
35,Anthony Bender,26,MIA,61.1,60,1,0,0,1,0,0,0,1,0,0,0,0,0,0,0%,54,54,54,7,0,1,0,2,0,1,16,1,0,0,0,16
36,Wes Benjamin*,27,TEX,22.2,13,2,0,1,1,0,0,1,1,0.5,0,1,0,0,0,0%,31,36,26,7,2,0,2,6,3,2.5,56,2,0,0,0,62
37,Travis Bergen*,27,TOR,10.2,10,1,0,0,1,0,0,1,0,1,0,0,0,0,0,0%,53,53,53,4,1,1,0,5.6,0,1,16,1,0,0,0,16
38,Jose Berrios,27,TOT,192,32,32,12,9,11,5,4,17,15,0.531,3,3,1,0,17,53%,56.9,84,22,9,5,0,18,4.6,4,6,95,2,19,11,0,109
39,Jose Berrios,27,MIN,121.2,20,20,7,5,8,5,2,11,9,0.55,2,2,1,0,8,40%,57.4,84,32,6,3,0,13,4.9,4.1,6.1,96,1,11,8,0,108
40,Jose Berrios,27,TOR,70.1,12,12,5,4,3,0,2,6,6,0.5,1,1,0,0,9,75%,56.2,74,22,3,2,0,5,4,3.9,5.9,94,1,8,3,0,109
41,Alec Bettinger,25,MIL,10,4,1,0,1,0,0,0,0,1,0,0,0,0,0,0,0%,-6,-6,-6,0,0,0,1,4,2.3,4,89,0,1,0,0,89
42,Shane Bieber,26,CLE,96.2,16,16,7,4,5,0,2,11,5,0.688,1,1,0,0,11,69%,59.2,91,35,8,1,0,10,4.1,3.8,6,97,2,2,11,1,121
43,Brandon Bielak,25,HOU,50,28,2,0,1,1,0,0,1,1,0.5,0,0,0,0,0,0%,48,56,40,10,4,0,2,2.9,3.6,2.8,55,2,0,0,0,55
44,Paul Blackburn,27,OAK,38.1,9,9,1,4,4,1,0,4,5,0.444,1,0,0,0,0,0%,42.8,57,19,7,1,0,6,4.9,4.1,4.3,76,6,3,0,0,97
45,Matthew Boyd*,30,DET,78.2,15,15,3,8,4,1,2,6,9,0.4,1,0,0,0,6,40%,51.7,73,32,9,2,0,10,4.3,4.8,5.2,85,3,10,2,0,102
46,Steven Brault*,29,PIT,27.2,7,7,0,3,4,0,0,1,6,0.143,0,2,0,0,0,0%,43.7,66,14,2,0,0,7,1.9,0.6,4,71,5,2,0,0,81
47,Connor Brogdon,26,PHI,57.2,56,1,0,0,1,0,0,0,1,0,0,0,0,0,0,0%,50,50,50,17,6,0,1,2,0,1,25,1,0,0,0,25
48,JT Brubaker,27,PIT,124.1,24,24,5,13,6,2,3,6,18,0.25,1,2,0,0,7,29%,48.9,69,20,8,5,0,21,3.3,3.5,5.2,81,7,17,0,0,95
49,Justin Bruihl*,24,LAD,18.2,21,2,0,0,2,0,0,2,0,1,0,0,0,0,0,0%,52.5,54,51,6,2,2,0,6.2,13.5,1.3,16,2,0,0,0,20
50,Kris Bubic*,23,KCR,130,29,20,5,6,9,0,2,14,6,0.7,1,4,0,0,9,45%,48.7,78,8,21,5,1,10,3.9,3.1,5.2,89,2,17,1,0,100
51,Walker Buehler,26,LAD,207.2,33,33,16,4,13,1,3,22,11,0.667,5,7,0,0,27,82%,62,78,21,9,3,0,20,5.4,4.6,6.3,96,3,20,10,0,113
52,Madison Bumgarner*,31,ARI,146.1,26,26,7,10,9,2,2,10,16,0.385,1,4,1,1,10,38%,51,84,22,3,0,0,15,4.4,3.9,5.6,88,4,19,3,0,105
53,Dylan Bundy,28,LAA,90.2,23,19,2,9,8,1,2,8,11,0.421,0,2,0,0,6,32%,46.2,71,19,22,8,0,18,4.5,3.3,4.5,75,9,9,1,0,102
54,Corbin Burnes,26,MIL,167,28,28,11,5,12,0,1,19,9,0.679,6,4,0,0,18,64%,63.6,95,28,15,3,0,26,4.3,3.9,6,93,2,20,6,0,115
55,Ryan Burr,27,CHW,36.2,34,1,0,0,1,0,0,1,0,1,0,0,0,0,0,0%,58,58,58,1,1,1,0,10.5,9,2,27,1,0,0,0,27
56,Beau Burrows,24,TOT,11,6,1,0,1,0,0,0,0,1,0,0,0,0,0,0,0%,,19,19,2,2,0,0,1,0,2,64,1,0,0,0,64
57,Beau Burrows,24,MIN,9.1,5,1,0,1,0,0,0,0,1,0,0,0,0,0,0,0%,19,19,19,0,0,0,0,1,0,2,64,1,0,0,0,64
58,Edward Cabrera,23,MIA,26.1,7,7,0,3,4,0,0,1,6,0.143,0,3,0,0,1,14%,45.7,52,36,4,0,0,6,2.6,2.4,3.8,69,7,0,0,0,79
59,Trevor Cahill,33,PIT,37,9,8,1,5,2,0,0,1,7,0.125,0,0,0,0,1,13%,42.6,64,20,4,3,0,6,2.8,3,4.5,79,3,5,0,0,96
60,Paul Campbell,25,MIA,26.2,16,1,0,1,0,0,0,0,1,0,0,0,0,0,0,0%,29,29,29,8,5,0,1,2,0,3.7,71,1,0,0,0,71
61,Griffin Canning,25,LAA,62.2,14,13,4,4,5,2,0,6,7,0.462,2,2,0,0,3,23%,46.8,67,20,9,1,1,12,5.3,7.2,4.6,81,4,9,0,0,94
62,Carlos Carrasco,34,NYM,53.2,12,12,1,5,6,1,1,5,7,0.417,2,1,0,0,2,17%,45.4,68,22,5,3,0,7,4.7,3.6,4.5,74,7,5,0,0,96
63,Daniel Castano*,26,MIA,20.1,5,4,0,2,2,0,0,1,3,0.25,0,1,0,0,0,0%,44.8,55,38,2,1,0,3,2.6,1.5,4.3,71,3,1,0,0,82
64,Ryan Castellani,25,COL,3.1,1,1,0,0,1,0,0,1,0,1,0,1,0,0,0,0%,40,40,40,2,0,0,1,10.8,0,3.3,65,1,0,0,0,65
65,Humberto Castellanos,23,ARI,45.2,14,7,2,1,4,2,0,4,3,0.571,2,0,0,0,0,0%,44,57,30,4,3,1,6,5.4,7.4,4.9,75,5,2,0,0,89
66,Luis Castillo,28,CIN,187.2,33,33,8,16,9,0,6,11,22,0.333,5,2,0,0,18,55%,52.2,75,6,19,7,0,19,3.8,3.3,5.7,96,4,13,16,0,111
67,Miguel Castro,26,NYM,70.1,69,2,0,0,2,0,0,2,0,1,0,0,0,0,0,0%,52.5,54,51,21,7,2,0,6.2,0,1,17,2,0,0,0,22
68,Dylan Cease,25,CHW,165.2,32,32,13,7,12,5,0,18,14,0.563,2,3,1,1,10,31%,54.7,80,21,16,5,0,19,5.8,6.4,5.2,92,3,22,7,0,111
69,Jhoulys Chacin,33,COL,64.1,46,1,0,0,1,0,0,0,1,0,0,0,0,0,0,0%,48,48,48,6,4,0,1,3.8,4.5,4,53,1,0,0,0,53
70,Jesse Chavez,37,ATL,33.2,30,4,0,1,3,0,0,3,1,0.75,0,0,0,0,0,0%,52.3,58,47,2,1,1,2,4.9,4,1.8,28,4,0,0,0,36
71,Aaron Civale,26,CLE,124.1,21,21,12,5,4,3,0,14,7,0.667,0,1,0,0,9,43%,54,90,14,12,3,0,10,5.8,6.5,5.9,91,4,10,7,0,114
72,Garrett Cleavinger*,27,LAD,18,22,1,0,0,1,0,0,1,0,1,0,0,0,0,0,0%,51,51,51,13,1,1,0,5,0,1,19,1,0,0,0,19
73,Alex Cobb,33,LAA,93.1,18,18,8,3,7,5,0,12,6,0.667,3,2,0,0,4,22%,52.7,77,27,10,3,0,18,6.3,6.7,5.2,88,7,7,4,0,112
74,Gerrit Cole,30,NYY,181.1,30,30,16,8,6,2,1,16,14,0.533,2,1,2,1,18,60%,59.9,91,27,10,4,0,21,4,4.4,6,99,1,16,12,1,129
75,Roansy Contreras,21,PIT,3,1,1,0,0,1,0,0,0,1,0,0,0,0,0,0,0%,56,56,56,0,0,0,1,2,0,3,46,1,0,0,0,46
76,Sam Coonrod,28,PHI,42.1,42,2,0,0,2,0,0,1,1,0.5,0,0,0,0,0,0%,52,54,50,18,7,2,0,2.8,0,1.2,21,2,0,0,0,28
77,Patrick Corbin*,31,WSN,171.2,31,31,9,16,6,1,2,13,18,0.419,3,2,0,0,13,42%,45.4,72,3,13,3,0,18,4.7,4.8,5.5,89,8,17,6,0,114
78,Nestor Cortes Jr.*,26,NYY,93,22,14,2,3,9,0,0,10,4,0.714,2,2,0,0,4,29%,55.9,72,42,9,4,0,6,4.5,3.8,5.2,86,4,8,2,0,104
79,Danny Coulombe*,31,MIN,34.1,29,1,0,0,1,0,0,1,0,1,0,1,0,0,0,0%,45,45,45,8,2,0,1,9,9,1.7,32,1,0,0,0,32
80,Kutter Crawford,25,BOS,2,1,1,0,1,0,0,0,0,1,0,0,0,0,0,0,0%,26,26,26,1,1,0,1,5,0,2,57,1,0,0,0,57
81,Cooper Criswell,24,LAA,1.1,1,1,0,1,0,0,0,0,1,0,0,0,0,0,0,0%,30,30,30,2,0,0,1,0,0,1.3,41,1,0,0,0,41
82,Hans Crouse,22,PHI,7,2,2,0,2,0,0,0,0,2,0,0,0,0,0,0,0%,46,48,44,0,0,0,2,0.5,0,3.5,66,2,0,0,0,72
83,Wil Crowe,26,PIT,116.2,26,25,4,8,13,3,0,12,13,0.48,2,7,0,0,3,12%,45.8,77,15,18,1,0,24,4.5,3.6,4.6,86,6,18,1,0,100
84,Johnny Cueto,35,SFG,114.2,22,21,7,7,7,3,0,11,10,0.524,0,3,0,0,4,19%,49.6,78,16,19,1,0,13,4.3,4.4,5.3,87,7,9,5,0,118
85,John Curtiss,28,TOT,44.1,41,2,0,0,2,0,0,1,2,0.333,0,1,0,0,0,0%,,55,44,4,0,2,0,5.9,0,1,14,2,0,0,0,17
86,John Curtiss,28,MIA,40,35,2,0,0,2,0,0,1,2,0.333,0,1,0,0,0,0%,49.5,55,44,3,0,2,0,5.9,0,1,14,2,0,0,0,17
87,Yu Darvish,34,SDP,166.1,30,30,8,11,11,1,2,17,13,0.567,3,3,0,0,13,43%,55.1,79,18,12,3,0,18,4.5,4.1,5.5,92,4,21,5,0,107
88,Tucker Davidson*,25,ATL,20,4,4,0,0,4,0,0,1,3,0.25,1,2,0,0,2,50%,54.5,67,30,4,1,0,4,4.4,0.9,5,76,2,2,0,0,90
89,Zach Davies,28,CHC,148,32,32,6,12,14,2,0,14,18,0.438,1,4,0,0,5,16%,44.3,74,16,24,8,0,16,4.5,4.1,4.6,81,14,15,3,0,107
90,Chase De Jong,27,PIT,43.2,9,9,1,4,4,1,0,3,6,0.333,1,3,0,0,0,0%,45,60,32,2,0,0,8,4.2,2.5,4.9,86,2,7,0,0,97
91,Jose De Leon,28,CIN,18.1,9,2,0,1,1,0,0,1,1,0.5,0,0,0,0,0,0%,44.5,60,29,3,0,0,2,2.6,1.7,4.7,85,0,2,0,0,89
92,Jacob deGrom,33,NYM,92,15,15,7,2,6,2,2,11,4,0.733,1,4,1,1,11,73%,73.1,98,60,0,0,0,8,4,2.8,6.1,82,6,8,1,0,109
93,Anthony DeSclafani,31,SFG,167.2,31,31,13,7,11,4,3,21,10,0.677,3,4,2,2,15,48%,56,90,0,13,3,0,17,4.7,4.5,5.4,83,10,17,4,0,107
94,Reid Detmers*,21,LAA,20.2,5,5,1,3,1,0,0,2,3,0.4,0,0,0,0,1,20%,41.2,66,27,4,1,0,5,3.3,3.9,4.1,76,2,3,0,0,97
95,Ross Detwiler*,35,TOT,52.1,53,5,0,1,4,0,0,3,2,0.6,0,1,0,0,0,0%,,59,7,18,3,3,1,6,6.8,1.5,32,5,0,0,0,64
96,Ross Detwiler*,35,MIA,45.1,46,5,0,1,4,0,0,3,2,0.6,0,1,0,0,0,0%,39.8,59,7,18,3,3,1,6,6.8,1.5,32,5,0,0,0,64
97,Jhonathan Diaz*,24,LAA,13,3,2,0,0,2,0,0,0,2,0,0,2,0,0,0,0%,40.5,41,40,3,0,0,2,4,1.5,3,70,1,1,0,0,89
98,Miguel Diaz,26,SDP,42,25,2,0,0,2,0,0,2,0,1,0,1,0,0,0,0%,50.5,58,43,1,1,0,1,5.1,0,2.5,46,2,0,0,0,50
99,Randy Dobnak,26,MIN,50.2,14,6,1,4,1,0,0,2,4,0.333,0,0,0,0,1,17%,41.3,69,7,7,5,0,5,4.7,4.4,5.7,85,2,4,0,0,93
100,Danny Duffy*,32,KCR,61,13,12,4,3,5,1,1,6,6,0.5,1,1,0,0,4,33%,56.2,73,35,1,0,1,8,4.5,5.1,5,83,5,3,4,0,107
101,Robert Dugger,25,SEA,25.2,12,4,0,2,2,0,0,1,3,0.25,0,0,0,0,0,0%,42.3,62,28,3,2,3,1,3.5,2.8,2.8,50,4,0,0,0,59
102,Justin Dunn,25,SEA,50.1,11,11,1,3,7,1,0,6,5,0.545,1,1,0,0,0,0%,52.5,67,22,12,3,0,10,3.7,2,4.6,79,5,5,1,0,100
103,Dane Dunning,26,TEX,117.2,27,25,5,10,10,4,0,9,16,0.36,3,3,0,0,3,12%,48.4,69,21,13,3,0,17,4.4,2.8,4.6,74,21,4,0,0,89
104,Jon Duplantier,26,ARI,13,4,4,0,3,1,0,0,0,4,0,0,1,0,0,0,0%,32.3,40,18,8,3,0,2,3.2,2.6,3.3,68,3,1,0,0,86
105,Zach Eflin,27,PHI,105.2,18,18,4,7,7,0,2,7,11,0.389,3,2,0,0,11,61%,51.7,72,29,7,5,0,12,4.3,3.7,5.9,90,3,12,3,0,104
106,Jerad Eickhoff,30,NYM,19.2,5,4,0,2,2,0,0,1,3,0.25,0,1,0,0,0,0%,33,56,5,4,0,0,4,6,3.7,4.3,77,3,1,0,0,80
107,Chris Ellis,28,TOT,29.1,7,6,0,0,6,0,0,5,1,0.833,2,2,0,0,0,0%,,64,40,2,0,0,4,5.1,2.5,4.2,70,3,3,0,0,92
108,Chris Ellis,28,BAL,25.1,6,6,0,0,6,0,0,5,1,0.833,2,2,0,0,0,0%,53.2,64,40,2,0,0,4,5.1,2.5,4.2,70,3,3,0,0,92
109,Nathan Eovaldi,31,BOS,182.1,32,32,11,9,12,4,0,19,13,0.594,5,2,0,0,13,41%,54,77,14,18,7,0,17,5.7,5.6,5.7,91,3,21,8,0,109
110,Thomas Eshelman,27,BAL,27.2,9,6,0,3,3,0,0,2,4,0.333,0,1,0,0,0,0%,37.5,56,22,9,2,0,3,4.8,0.8,3.5,58,6,0,0,0,78
111,Paolo Espino,34,WSN,109.2,35,19,5,4,10,5,1,6,13,0.316,4,3,0,0,1,5%,49.1,67,27,10,4,2,8,4.5,4.7,4.5,72,13,6,0,0,92
112,Bailey Falter*,24,PHI,33.2,22,1,0,0,1,0,0,0,1,0,0,1,0,0,0,0%,35,35,35,9,5,0,1,4,4.5,2,30,1,0,0,0,30
113,Jake Faria,27,ARI,32.2,23,3,0,0,3,0,0,0,3,0,1,3,0,0,0,0%,46.3,55,33,9,0,1,0,3,2.1,4.3,76,2,1,0,0,86
114,Luke Farrell,30,MIN,24.2,20,1,0,1,0,0,0,0,1,0,0,0,0,0,0,0%,20,20,20,6,2,0,1,3,0,1,34,1,0,0,0,34
115,Erick Fedde,28,WSN,133.1,29,27,7,9,11,4,0,12,15,0.444,2,4,0,0,6,22%,47.1,75,19,17,7,0,12,5.4,4.8,4.9,88,6,17,4,0,108
116,Ryan Feltner,24,COL,6.1,2,2,0,1,1,0,0,1,1,0.5,0,1,0,0,0,0%,35,48,22,2,0,0,2,3.5,0,3.2,71,1,1,0,0,81
117,Mike Fiers,36,OAK,9.1,2,2,0,2,0,0,1,0,2,0,0,0,0,0,1,50%,35.5,49,22,1,0,0,2,3,5,4.7,76,1,1,0,0,83
118,Jack Flaherty,25,STL,78.1,17,15,9,2,4,1,0,11,4,0.733,2,1,0,0,9,60%,56.1,76,29,5,1,0,14,7.5,7,5.1,88,2,7,6,0,107
119,Josh Fleming*,25,TBR,104.1,26,11,4,5,2,4,1,5,6,0.455,0,1,0,0,1,9%,43.3,70,-5,18,6,0,7,4.7,3.2,5.1,83,5,4,2,0,110
120,Chris Flexen,26,SEA,179.2,31,31,14,6,11,5,1,22,9,0.71,3,4,0,0,15,48%,52.2,82,3,16,0,0,24,5.3,4.8,5.8,91,5,19,7,0,113
121,Mike Foltynewicz,29,TEX,139,28,24,2,12,10,1,4,7,17,0.292,2,5,0,0,11,46%,47.2,71,-3,8,3,1,13,3.2,2.4,5.4,88,5,17,2,0,107
122,Seth Frankoff,32,ARI,14.2,4,3,0,2,1,0,0,1,2,0.333,0,0,0,0,0,0%,35,50,26,3,0,0,3,5.5,4.2,4.6,81,1,2,0,0,90
123,Kyle Freeland*,28,COL,120.2,23,23,7,8,8,3,3,12,11,0.522,2,4,0,0,11,48%,49.6,69,13,8,4,0,12,4.4,3.8,5.2,82,7,15,1,0,106
124,Max Fried*,27,ATL,165.2,28,28,14,7,7,3,3,18,10,0.643,1,3,2,2,19,68%,57.6,85,15,6,4,0,18,5.6,5.4,5.9,91,3,22,3,0,106
125,Michael Fulmer,28,DET,69.2,52,4,1,2,1,1,0,1,3,0.25,0,0,0,0,0,0%,46.5,57,31,2,0,1,1,4,4.8,3.2,52,4,0,0,0,78
126,Kyle Funkhouser,27,DET,68.1,57,2,0,0,2,0,0,0,2,0,0,0,0,0,0,0%,55,56,54,20,5,2,0,2.5,3.6,2.5,42,2,0,0,0,51
127,Zac Gallen,25,ARI,121.1,23,23,4,10,9,1,2,6,17,0.261,6,1,1,1,8,35%,52.5,79,24,10,1,0,15,4.1,4.2,5.3,91,4,11,8,0,109
128,John Gant,28,TOT,110,39,21,5,11,5,4,0,7,14,0.333,1,2,0,0,2,10%,48.2,69,19,21,9,1,17,3,2.4,4.3,78,7,14,0,0,99
129,John Gant,28,STL,76.1,25,14,4,6,4,3,0,6,8,0.429,1,2,0,0,2,14%,49.3,69,19,19,9,0,12,2.9,2.2,4.6,85,2,12,0,0,99
130,John Gant,28,MIN,33.2,14,7,1,5,1,1,0,1,6,0.143,0,0,0,0,0,0%,46.1,64,23,2,0,1,5,3.2,2.8,3.6,63,5,2,0,0,96
131,Deivi Garcia,22,NYY,8.1,2,2,0,2,0,0,0,0,2,0,0,0,0,0,0,0%,43,49,37,1,1,0,2,1.5,1,4.2,77,1,1,0,0,88
132,Luis Garcia,24,HOU,155.1,30,28,11,7,10,4,0,16,12,0.571,5,2,0,0,9,32%,54.8,76,33,15,5,1,20,5,5,5.3,86,7,19,2,0,106
133,Braxton Garrett*,23,MIA,34,8,7,1,2,4,0,0,2,5,0.286,1,2,0,0,1,14%,45.4,70,27,5,3,0,5,3.4,3.7,4.4,79,4,3,0,0,94
134,Kevin Gausman,30,SFG,192,33,33,14,6,13,3,1,21,12,0.636,7,5,0,0,20,61%,59.7,84,21,10,4,0,19,5.3,4.7,5.8,91,3,25,5,0,108
135,Domingo German,28,NYY,98.1,22,18,4,5,9,0,0,10,8,0.556,2,2,0,0,6,33%,52,80,16,11,7,1,11,4.3,4.7,5.1,81,7,11,0,0,99
136,Kyle Gibson,33,TOT,182,31,30,10,8,12,2,3,15,15,0.5,4,4,0,0,19,63%,55.2,82,15,23,11,0,17,4.5,3.9,5.9,93,5,14,11,0,113
137,Kyle Gibson,33,TEX,113,19,19,6,3,10,2,1,10,9,0.526,3,3,0,0,13,68%,57.3,82,15,14,6,0,11,4.1,3.6,5.9,93,2,11,6,0,110
138,Kyle Gibson,33,PHI,69,12,11,4,5,2,0,2,5,6,0.455,1,1,0,0,6,55%,51.5,69,22,9,5,0,6,5.3,4.6,5.9,93,3,3,5,0,113
139,Luis Gil,23,NYY,29.1,6,6,1,1,4,0,0,3,3,0.5,0,1,0,0,1,17%,55.8,69,45,8,5,0,3,4.8,3.5,4.9,89,1,4,1,0,102
140,Logan Gilbert,24,SEA,119.1,24,24,6,5,13,3,0,16,8,0.667,3,3,0,0,6,25%,51.3,83,16,15,6,0,19,4.7,4.8,5,89,5,14,5,0,110
141,Tyler Gilbert*,27,ARI,40,9,6,2,1,3,1,0,3,3,0.5,0,2,1,1,2,33%,55,89,34,2,0,0,4,4.9,4.1,6.1,88,0,5,1,0,102
142,Lucas Gilbreath*,25,COL,42.2,47,1,0,0,1,0,0,0,1,0,0,0,0,0,0,0%,43,43,43,14,6,1,0,7,18,1,26,1,0,0,0,26
143,Lucas Giolito,26,CHW,178.2,31,31,11,9,11,4,1,17,14,0.548,6,2,1,0,15,48%,57,85,5,11,4,0,19,4.8,5,5.8,96,2,15,14,0,114
144,Tyler Glasnow,27,TBR,88,14,14,5,2,7,1,0,10,4,0.714,2,2,0,0,9,64%,64.7,88,27,3,0,0,8,3.6,3.3,6.3,96,2,5,7,0,114
145,Zack Godley,31,MIL,3.1,2,1,0,1,0,0,0,0,1,0,0,0,0,0,0,0%,43,43,43,2,2,0,1,2,4.9,3,73,1,0,0,0,73
146,Austin Gomber*,27,COL,115.1,23,23,9,9,5,1,1,11,12,0.478,3,0,0,0,11,48%,51.3,80,4,9,6,0,13,4.7,5.3,5,80,9,12,2,0,104
147,Tony Gonsolin,27,LAD,55.2,15,13,3,1,9,3,0,9,4,0.692,1,2,0,0,0,0%,54.1,69,37,13,1,0,6,4.5,4.9,3.9,69,9,4,0,0,83
148,Marco Gonzales*,29,SEA,143.1,25,25,10,6,9,5,3,15,10,0.6,2,6,1,0,13,52%,53,87,18,9,1,0,18,4.1,2.9,5.7,93,2,15,8,0,110
149,Chi Chi Gonzalez,29,COL,101.2,24,18,2,6,10,1,1,6,12,0.333,3,7,0,0,3,17%,41.6,70,16,8,1,0,12,5.4,4.3,4.8,77,7,11,0,0,98
150,Victor Gonzalez*,25,LAD,35.1,44,1,0,0,1,0,0,1,0,1,0,1,0,0,0,0%,44,44,44,13,1,1,0,10.8,0,0.7,7,1,0,0,0,7
151,Ashton Goudeau,28,TOT,34.1,16,1,0,0,1,0,0,0,1,0,0,0,0,0,0,0%,,55,55,4,3,1,0,4,9,3,57,1,0,0,0,57
152,Ashton Goudeau,28,COL,25.1,11,1,0,0,1,0,0,0,1,0,0,0,0,0,0,0%,55,55,55,4,3,1,0,4,9,3,57,1,0,0,0,57
153,Brusdar Graterol,22,LAD,33.1,34,1,0,0,1,0,0,0,1,0,0,1,0,0,0,0%,43,43,43,14,5,1,0,2,0,1,21,1,0,0,0,21
154,Jon Gray,29,COL,149,29,29,8,12,9,1,1,11,18,0.379,3,3,0,0,11,38%,50.5,67,27,21,10,0,18,4.1,3.7,5.1,87,6,18,5,0,108
155,Josiah Gray,23,TOT,70.2,14,13,2,2,9,1,1,5,8,0.385,3,6,0,0,5,38%,49.4,67,22,3,1,0,6,5,4.1,5.1,87,2,9,2,0,100
156,Josiah Gray,23,LAD,8,2,1,0,0,1,0,0,1,0,1,0,1,0,0,0,0%,50,50,50,0,0,0,0,3.4,2.3,4,79,1,0,0,0,79
157,Josiah Gray,23,WSN,62.2,12,12,2,2,8,1,1,4,8,0.333,3,5,0,0,5,42%,49.3,67,22,3,1,0,6,5.1,4.2,5.2,88,1,9,2,0,100
158,Sonny Gray,31,CIN,135.1,26,26,7,9,10,2,2,13,13,0.5,0,5,0,0,9,35%,53,79,14,11,0,0,14,3.8,3.7,5.2,86,7,18,1,0,100
159,Conner Greene,26,TOT,25.1,24,1,0,0,1,0,0,0,1,0,0,0,0,0,0,0%,,53,53,12,8,1,0,1.8,0,1,24,1,0,0,0,24
160,Conner Greene,26,BAL,23.1,22,1,0,0,1,0,0,0,1,0,0,0,0,0,0,0%,53,53,53,12,8,1,0,1.8,0,1,24,1,0,0,0,24
161,Zack Greinke,37,HOU,171,30,29,11,6,12,2,1,17,12,0.586,1,7,1,0,15,52%,51.8,80,19,12,3,0,18,4.9,5.1,5.8,88,5,19,5,0,107
162,Robert Gsellman,27,NYM,28.2,17,1,0,1,0,0,0,0,1,0,0,0,0,0,0,0%,46,46,46,3,1,0,1,2.6,0,2,22,1,0,0,0,22
163,Junior Guerra,36,LAA,65.1,41,1,0,0,1,0,0,1,0,1,0,1,0,0,0,0%,35,35,35,17,6,1,0,5,0,1,29,1,0,0,0,29
164,Vladimir Gutiérrez,25,CIN,114,22,22,9,6,7,1,2,12,10,0.545,1,3,0,0,11,50%,48.6,74,19,12,6,0,10,5.7,5.9,5.2,83,9,8,5,0,110
165,David Hale,33,PHI,26.2,17,1,0,1,0,0,0,0,1,0,0,0,0,0,0,0%,54,54,54,5,3,1,0,0,0,3,49,1,0,0,0,49
166,J.A. Happ*,38,TOT,152.1,30,30,10,8,12,4,0,16,14,0.533,4,5,0,0,7,23%,44.9,77,1,17,7,0,19,5.1,5.2,5.1,89,5,18,7,0,108
167,J.A. Happ*,38,MIN,98.1,19,19,5,6,8,1,0,9,10,0.474,2,4,0,0,4,21%,41.3,77,1,12,5,0,12,5.3,5,5.2,93,1,11,7,0,108
168,J.A. Happ*,38,STL,54,11,11,5,2,4,3,0,7,4,0.636,2,1,0,0,3,27%,51.1,69,7,5,2,0,7,4.8,5.6,4.9,82,4,7,0,0,97
169,Matt Harvey,32,BAL,127.2,28,28,6,14,8,2,1,11,17,0.393,1,4,0,0,5,18%,42.3,74,16,28,11,1,15,4.2,4.1,4.6,80,10,18,0,0,97
170,Thomas Hatch,26,TOR,9.1,3,2,0,0,2,0,0,1,1,0.5,0,2,0,0,0,0%,45.5,53,38,3,2,0,2,8.4,2.3,3.8,68,2,0,0,0,73
171,Louis Head,31,TBR,35,27,2,0,0,2,0,0,2,0,1,0,1,0,0,0,0%,48,54,42,4,2,2,0,7.3,0,1,27,2,0,0,0,34
172,Andrew Heaney*,30,TOT,129.2,30,23,8,8,7,3,0,11,12,0.478,4,3,0,0,8,35%,49.9,75,21,17,9,0,20,5.5,5.4,5.2,93,6,7,10,0,110
173,Andrew Heaney*,30,LAA,94,18,18,6,7,5,2,0,8,10,0.444,4,1,0,0,7,39%,50.1,75,21,13,8,0,18,5.6,5.9,5.2,94,4,6,8,0,110
174,Andrew Heaney*,30,NYY,35.2,12,5,2,1,2,1,0,3,2,0.6,0,2,0,0,1,20%,49.2,71,31,4,1,0,2,5,3.5,5.2,89,2,1,2,0,109
175,Taylor Hearn*,26,TEX,104.1,42,11,4,4,3,1,0,5,6,0.455,1,1,0,0,3,27%,46.6,61,17,21,10,2,6,4.5,6.1,4.6,72,5,6,0,0,91
176,Jon Heasley,24,KCR,14.2,3,3,1,1,1,1,0,1,2,0.333,1,0,0,0,0,0%,46.3,63,36,4,2,0,3,4.8,5.4,4.9,83,1,2,0,0,88
177,Kyle Hendricks,31,CHC,181,32,32,14,7,11,0,0,18,14,0.563,1,4,1,0,19,59%,48.1,73,6,20,10,0,19,5.1,4.6,5.7,88,9,17,6,0,105
178,Sam Hentges*,24,CLE,68.2,30,12,0,4,8,0,0,7,5,0.583,1,3,0,0,0,0%,40.2,66,19,14,4,1,6,5.1,3.5,3.4,64,9,3,0,0,88
179,Carlos Hernandez,24,KCR,85.2,24,11,5,2,4,1,0,8,3,0.727,1,2,0,0,5,45%,52.8,70,15,14,3,0,9,6.6,5.7,5.3,86,3,7,1,0,107
180,Elieser Hernandez,26,MIA,51.2,11,11,1,3,7,1,0,5,5,0.5,1,2,0,0,0,0%,50,63,37,6,0,0,9,4.8,3.5,4.7,74,6,5,0,0,93
181,David Hess,27,TOT,20,15,1,0,1,0,0,0,0,1,0,0,0,0,0,0,0%,,13,13,6,1,1,0,8,4.5,1,29,1,0,0,0,29
182,David Hess,27,MIA,18,14,1,0,1,0,0,0,0,1,0,0,0,0,0,0,0%,13,13,13,6,1,1,0,8,4.5,1,29,1,0,0,0,29
183,Rich Hill*,41,TOT,158.2,32,31,7,8,16,5,2,16,15,0.516,3,7,0,0,7,23%,53.1,75,32,14,5,0,21,4.9,4.2,5,78,12,18,1,0,104
184,Rich Hill*,41,TBR,95.1,19,19,6,4,9,4,2,11,8,0.579,1,2,0,0,5,26%,53.6,75,32,7,1,0,14,5.7,5.7,5,76,9,9,1,0,104
185,Rich Hill*,41,NYM,63.1,13,12,1,4,7,1,0,5,7,0.417,2,5,0,0,2,17%,52.3,68,43,7,4,0,7,3.7,1.9,5,81,3,9,0,0,97
186,Jeff Hoffman,28,CIN,73,31,11,3,5,3,2,0,5,6,0.455,0,3,0,0,1,9%,45.6,63,25,6,3,0,7,5.8,3.9,4.1,78,6,5,0,0,99
187,Derek Holland*,34,DET,49.2,39,1,0,1,0,0,0,0,1,0,0,0,0,0,0,0%,41,41,41,14,5,1,0,1,0,2.7,46,1,0,0,0,46
188,Jordan Holloway,25,MIA,36,13,4,0,2,2,0,0,1,3,0.25,0,1,0,0,0,0%,36,45,31,8,3,0,2,5,4.2,3,67,4,0,0,0,74
189,Brent Honeywell Jr.,26,TBR,4.1,3,2,0,0,2,0,0,1,1,0.5,0,1,0,0,0,0%,47,58,36,2,0,1,1,4.5,0,1.5,26,2,0,0,0,30
190,Tanner Houck,25,BOS,69,18,13,0,4,9,0,0,7,6,0.538,2,1,0,0,0,0%,52.9,75,37,14,7,1,8,4.6,2.9,4.5,74,8,5,0,0,90
191,Adrian Houser,28,MIL,142.1,28,26,9,6,11,5,1,18,8,0.692,3,6,1,1,7,27%,52.2,88,28,18,9,0,22,5.7,4.5,5.2,86,7,15,4,0,104
192,Sam Howard*,28,PIT,45,54,1,0,0,1,0,0,0,1,0,0,0,0,0,0,0%,56,56,56,21,9,0,1,6,0,1,12,1,0,0,0,12
193,Spencer Howard,24,TOT,49.2,19,15,0,5,10,0,0,6,9,0.4,0,4,0,0,0,0%,44.1,58,19,15,6,0,12,3.7,2.4,2.9,52,15,0,0,0,73
194,Spencer Howard,24,PHI,28.1,11,7,0,2,5,0,0,3,4,0.429,0,2,0,0,0,0%,48.7,58,35,11,3,0,5,3.9,1.8,3.2,54,7,0,0,0,68
195,Spencer Howard,24,TEX,21.1,8,8,0,3,5,0,0,3,5,0.375,0,2,0,0,0,0%,40.1,58,19,4,3,0,7,3.6,3.2,2.7,51,8,0,0,0,73
196,Dakota Hudson,26,STL,8.2,2,1,0,0,1,0,0,1,0,1,1,0,0,0,0,0%,64,64,64,3,1,0,1,4.2,3.6,5,70,1,0,0,0,70
197,Tommy Hunter,34,NYM,8,4,1,0,0,1,0,0,1,0,1,0,0,0,0,0,0%,57,57,57,0,0,1,0,4.5,0,2,17,1,0,0,0,17
198,Drew Hutchison,30,DET,21.1,9,2,0,1,1,0,0,1,1,0.5,0,1,0,0,0,0%,40,53,27,3,1,0,2,2.3,0,3,57,2,0,0,0,61
199,Cole Irvin*,27,OAK,178.1,32,32,10,15,7,2,3,14,18,0.438,5,3,0,0,15,47%,49.1,82,15,27,10,0,20,4.5,5.1,5.6,84,8,22,2,0,102
200,Tyler Ivey,25,HOU,4.2,1,1,0,0,1,0,0,0,1,0,0,1,0,0,0,0%,38,38,38,1,1,0,1,4.5,1.8,4.7,79,1,0,0,0,79
201,Jay Jackson,33,SFG,21.2,23,1,0,1,0,0,0,0,1,0,0,0,0,0,0,0%,36,36,36,8,2,0,0,1,,0.3,22,1,0,0,0,22
202,Cristian Javier,24,HOU,101.1,36,9,3,1,5,2,0,5,4,0.556,2,0,0,0,3,33%,59,76,44,17,3,0,4,4.9,5.1,5.4,92,1,7,1,0,107
203,Griffin Jax,26,MIN,82,18,14,3,5,6,2,0,7,7,0.5,0,4,0,0,2,14%,45,66,14,3,1,0,9,4.3,4,5,82,5,8,1,0,100
204,Daulton Jefferies,25,OAK,15,5,1,1,0,0,1,0,1,0,1,0,0,0,0,0,0%,49,49,49,2,2,0,1,8,10.8,5,73,1,0,0,0,73
205,Pierce Johnson,30,SDP,58.2,63,2,0,1,1,0,0,1,1,0.5,0,0,0,0,0,0%,50.5,53,48,7,5,2,0,4.5,0,1,26,2,0,0,0,26
206,Jakob Junis,28,KCR,39.1,16,6,1,3,2,1,1,2,4,0.333,1,1,0,0,1,17%,50.8,69,35,7,6,2,4,3.9,3.8,4.6,70,3,3,0,0,84
207,Janson Junk,25,LAA,16.1,4,4,0,1,3,0,0,2,2,0.5,0,1,0,0,0,0%,45.3,55,38,4,0,0,4,4.2,1.5,4.1,62,4,0,0,0,69
208,James Kaprielian,27,OAK,119.1,24,21,8,5,8,3,2,11,10,0.524,4,3,0,0,8,38%,53.8,75,30,8,3,0,16,5,4.5,5.3,89,2,17,2,0,105
209,Anthony Kay*,26,TOR,33.2,11,5,1,2,2,1,0,2,3,0.4,0,0,0,0,0,0%,49.2,64,33,9,1,0,4,5.1,6.9,4.1,78,3,2,0,0,95
210,Scott Kazmir*,37,SFG,11.1,5,4,0,1,3,0,0,3,1,0.75,0,2,0,0,0,0%,46,56,31,6,1,0,4,6.3,2.5,2.6,45,4,0,0,0,71
211,Brad Keller,25,KCR,133.2,26,26,8,12,6,4,3,11,15,0.423,2,2,0,0,9,35%,44.9,72,10,17,7,0,14,4.4,4.4,5.1,90,6,13,7,0,114
212,Mitch Keller,25,PIT,100.2,23,23,5,11,7,5,0,10,13,0.435,2,2,0,0,1,4%,42.9,68,12,19,5,0,21,4.3,3.9,4.4,81,7,15,1,0,100
213,Merrill Kelly,32,ARI,158,27,27,7,11,9,2,3,10,17,0.37,5,3,0,0,10,37%,50.4,78,27,14,4,0,16,4.5,4,5.9,90,2,24,1,0,102
214,Clayton Kershaw*,33,LAD,121.2,22,22,10,8,4,3,3,14,8,0.636,0,2,0,0,11,50%,57.2,82,28,5,0,1,14,5.6,5.8,5.5,82,8,10,4,0,110
215,Dallas Keuchel*,33,CHW,162,32,30,9,9,12,5,1,15,15,0.5,6,3,0,0,9,30%,44.8,73,17,24,12,0,19,6.1,6,5.2,87,8,17,5,0,107
216,Yusei Kikuchi*,30,SEA,157,29,29,7,9,13,1,2,14,15,0.483,3,2,0,0,14,48%,51.8,80,15,16,7,0,25,4.1,3.5,5.4,88,6,18,5,0,106
217,Kwang Hyun Kim*,32,STL,106.2,27,21,6,7,8,2,0,12,9,0.571,1,3,0,0,5,24%,51.1,71,25,9,3,0,12,3.9,4,4.6,77,9,10,2,0,104
218,Michael King,26,NYY,63.1,22,6,0,3,3,0,0,2,4,0.333,0,0,0,0,0,0%,44,52,39,13,7,0,3,4.4,4,4.1,68,6,0,0,0,77
219,Brandon Kintzler,36,PHI,29.2,29,1,0,0,1,0,0,1,0,1,0,1,0,0,0,0%,47,47,47,11,3,1,0,5,0,1,13,1,0,0,0,13
220,Andrew Kittredge,31,TBR,71.2,57,4,0,0,4,0,0,3,1,0.75,0,1,0,0,0,0%,50.5,54,46,6,2,4,0,3.9,4.5,1.6,22,4,0,0,0,26
221,Corey Kluber,35,NYY,80,16,16,5,3,8,1,0,10,6,0.625,0,5,1,1,4,25%,51.9,95,32,13,3,0,12,5,4.2,5,84,6,7,3,0,103
222,Corey Knebel,29,LAD,25.2,27,4,0,0,4,0,0,3,1,0.75,0,0,0,0,0,0%,51.3,54,45,7,1,4,0,4.5,1.8,1.4,21,4,0,0,0,32
223,Reiss Knehr,24,SDP,29,12,5,0,2,3,0,0,3,2,0.6,0,1,0,0,0,0%,45,53,40,4,2,0,4,4.8,5.4,3.1,53,5,0,0,0,76
224,Michael Kopech,25,CHW,69.1,44,4,1,0,3,1,0,3,1,0.75,0,0,0,0,0,0%,59.5,65,56,20,3,2,2,6.1,9,3.5,55,3,1,0,0,87
225,Jackson Kowar,24,KCR,30.1,9,8,0,6,2,0,0,1,7,0.125,1,1,0,0,1,13%,34.3,57,24,7,1,0,6,3.5,3.3,3.4,74,4,3,1,0,105
226,Max Kranick,23,PIT,38.2,9,9,2,3,4,2,0,4,5,0.444,0,3,0,0,0,0%,42.6,70,25,7,3,0,9,5.2,3.1,4.3,75,5,4,0,0,90
227,Dean Kremer,25,BAL,53.2,13,13,0,7,6,0,0,3,10,0.231,3,4,0,0,2,15%,41.5,66,18,10,6,1,7,4.2,3.2,4.1,76,7,6,0,0,94
228,Chad Kuhl,28,PIT,80.1,28,14,3,6,5,1,1,8,6,0.571,0,0,0,0,4,29%,49.4,67,26,7,3,0,13,4.7,5.2,4.8,85,4,10,0,0,97
229,Travis Lakins,27,BAL,28,24,1,0,0,1,0,0,1,0,1,0,0,0,0,0,0%,46,46,46,15,7,0,0,13,4.5,1.7,40,1,0,0,0,40
230,Jimmy Lambert,26,CHW,13,4,3,1,1,1,1,0,2,1,0.667,0,1,0,0,0,0%,49,57,38,1,0,0,3,3.3,3.8,3.9,67,3,0,0,0,74
231,Peter Lambert,24,COL,5.2,2,2,0,0,2,0,0,1,1,0.5,0,0,0,0,0,0%,33,46,20,3,2,0,1,6.4,9.5,2.8,62,2,0,0,0,65
232,Dinelson Lamet,28,SDP,47,22,9,1,3,5,1,0,3,6,0.333,0,2,0,0,0,0%,49.6,65,30,10,4,0,8,3.2,1.5,3.3,56,8,1,0,0,81
233,Jake Latz*,25,TEX,4.2,1,1,0,1,0,0,0,0,1,0,0,0,0,0,0,0%,46,46,46,1,0,0,1,2,0,4.7,84,0,1,0,0,84
234,Eric Lauer*,26,MIL,118.2,24,20,7,5,8,3,2,10,10,0.5,3,2,0,0,8,40%,55.8,73,17,12,1,0,14,5,4.4,5.3,87,4,14,2,0,114
235,Wade LeBlanc*,36,TOT,49,18,9,0,2,7,0,0,4,5,0.444,1,2,0,0,1,11%,46.6,63,28,7,1,1,6,4.5,2.5,4.1,70,5,4,0,0,85
236,Wade LeBlanc*,36,BAL,6.2,6,1,0,1,0,0,0,0,1,0,0,0,0,0,0,0%,28,28,28,2,0,0,1,2,0,1.7,48,1,0,0,0,48
237,Wade LeBlanc*,36,STL,42.1,12,8,0,1,7,0,0,4,4,0.5,1,2,0,0,1,13%,48.9,63,35,5,1,1,5,4.8,2.5,4.5,72,4,4,0,0,85
238,Dominic Leone,29,SFG,53.2,57,4,0,1,3,0,0,3,1,0.75,0,0,0,0,0,0%,51.5,58,40,17,6,4,0,7.1,9,1.3,22,4,0,0,0,36
239,Jon Lester*,37,TOT,141.1,28,28,7,6,15,2,0,15,13,0.536,5,6,0,0,7,25%,45.9,72,17,18,5,1,13,5.6,4.5,5,85,7,20,1,0,100
240,Jon Lester*,37,WSN,75.1,16,16,3,5,8,1,0,8,8,0.5,3,2,0,0,3,19%,44.4,72,17,12,4,1,8,5.8,5.4,4.7,82,6,9,1,0,100
241,Jon Lester*,37,STL,66,12,12,4,1,7,1,0,7,5,0.583,2,4,0,0,4,33%,48,70,27,6,1,0,5,5.4,3.5,5.5,88,1,11,0,0,96
242,Zack Littell,25,SFG,61.2,63,2,0,0,2,0,0,1,1,0.5,0,1,0,0,0,0%,38.5,53,24,11,3,2,0,5.7,0,0.5,16,2,0,0,0,17
243,Sammy Long*,25,SFG,40.2,12,5,2,1,2,1,0,3,2,0.6,0,1,0,0,1,20%,51.4,65,37,7,6,0,4,5.7,6.5,4.5,79,1,4,0,0,92
244,Jorge Lopez,28,BAL,121.2,33,25,3,14,8,2,2,8,17,0.32,1,1,0,0,5,20%,42.9,65,13,26,9,0,14,4.1,4.5,4.5,82,10,12,3,0,106
245,Pablo Lopez,25,MIA,102.2,20,20,5,5,10,1,2,11,9,0.55,1,3,0,0,10,50%,56.7,82,25,4,4,1,12,4.5,4.3,5.1,83,4,14,2,0,101
246,Reynaldo Lopez,27,CHW,57.2,20,9,2,3,4,1,0,5,4,0.556,0,1,0,0,1,11%,50.3,68,28,1,0,3,3,5.1,6.6,4.1,69,6,3,0,0,90
247,Aaron Loup*,33,NYM,56.2,65,2,0,0,2,0,0,1,1,0.5,0,0,0,0,0,0%,54,54,54,10,2,2,0,3.6,15,1.5,19,2,0,0,0,26
248,Zac Lowther*,25,BAL,29.2,10,6,1,3,2,1,0,1,5,0.167,1,0,0,0,1,17%,42,66,16,6,4,0,5,3.6,4,3.9,72,4,2,0,0,94
249,Joey Lucchesi*,28,NYM,38.1,11,8,0,3,5,0,0,1,7,0.125,1,2,0,0,0,0%,50.8,68,20,9,2,0,5,2.4,1.7,3.9,65,7,1,0,0,90
250,Lucas Luetge*,34,NYY,72.1,57,1,0,0,1,0,0,1,0,1,0,0,0,0,0,0%,49,49,49,15,3,1,0,5,13.5,2,46,1,0,0,0,46
251,Jesus Luzardo*,23,TOT,95.1,25,18,5,8,5,4,1,10,8,0.556,0,2,0,0,2,11%,44.2,77,20,24,9,0,11,5,3.8,4.7,86,4,11,3,0,106
252,Jesus Luzardo*,23,OAK,38,13,6,1,3,2,1,1,3,3,0.5,0,1,0,0,1,17%,44.7,69,25,9,3,0,4,3.9,1.6,4.7,82,3,1,2,0,104
253,Jesus Luzardo*,23,MIA,57.1,12,12,4,5,3,3,0,7,5,0.583,0,1,0,0,1,8%,44,77,20,15,6,0,7,5.6,4.8,4.8,89,1,10,1,0,106
254,Jordan Lyles,30,TEX,180,32,30,9,13,8,1,3,13,17,0.433,3,4,0,0,13,43%,46.8,77,9,14,3,0,17,4.5,4.5,5.6,93,4,17,8,1,124
255,Daniel Lynch*,24,KCR,68,15,15,4,6,5,2,1,8,7,0.533,0,1,0,0,3,20%,44.7,76,5,20,7,0,9,4.8,4.4,4.5,83,5,7,3,0,107
256,Lance Lynn,34,CHW,157,28,28,11,6,11,5,2,16,12,0.571,5,0,1,1,13,46%,58.9,88,27,7,2,0,17,4.2,4.1,5.6,93,3,14,11,0,117
257,Kenta Maeda,33,MIN,106.1,21,21,6,5,10,3,1,8,13,0.381,1,3,0,0,5,24%,49.9,77,16,13,9,0,15,5,5.1,5.1,84,6,14,1,0,100
258,Tyler Mahle,26,CIN,180,33,33,13,6,14,6,1,20,13,0.606,7,2,0,0,12,36%,54.8,78,14,15,8,0,17,5,5.2,5.5,97,1,19,13,0,110
259,Sean Manaea*,29,OAK,179.1,32,32,11,10,11,4,2,19,13,0.594,3,3,2,2,15,47%,53.7,85,9,17,3,0,20,4.7,4.6,5.6,93,2,21,9,0,111
260,Matt Manning,23,DET,85.1,18,18,4,7,7,1,0,8,10,0.444,1,1,0,0,4,22%,43.9,69,9,14,5,0,12,4.8,4.6,4.7,79,8,10,0,0,98
261,Alek Manoah,23,TOR,111.2,20,20,9,2,9,2,0,16,4,0.8,2,7,0,0,11,55%,58.2,90,22,15,1,0,13,6.4,4.8,5.6,92,3,11,6,0,114
262,Nick Margevicius*,25,SEA,12,5,3,0,1,2,0,0,1,2,0.333,0,0,0,0,0,0%,39.3,56,28,6,4,0,2,6,5.6,2.4,59,3,0,0,0,78
263,German Marquez,26,COL,180,32,32,12,11,9,1,2,20,12,0.625,1,3,3,1,17,53%,52.3,89,7,13,6,0,17,5.7,4.8,5.6,87,4,24,4,0,107
264,Corbin Martin,25,ARI,16,5,3,0,3,0,0,0,0,3,0,0,0,0,0,0,0%,34.3,49,27,4,1,0,2,2,0.9,3.1,66,2,1,0,0,96
265,Carlos Martinez,29,STL,82.1,16,16,4,9,3,1,2,5,11,0.313,1,1,0,0,7,44%,45.6,73,-3,8,7,0,10,2.9,2.8,5.1,80,5,10,1,0,100
266,Phil Maton,28,TOT,66.2,65,1,0,0,1,0,0,1,0,1,0,1,0,0,0,0%,,48,48,18,6,1,0,7,0,1.3,29,1,0,0,0,29
267,Phil Maton,28,CLE,41.1,38,1,0,0,1,0,0,1,0,1,0,1,0,0,0,0%,48,48,48,14,3,1,0,7,0,1.3,29,1,0,0,0,29
268,Steven Matz*,30,TOR,150.2,29,29,14,7,8,7,0,15,14,0.517,3,2,0,0,9,31%,51.3,73,22,14,5,0,16,6,7.5,5.2,88,6,18,5,0,112
269,Dustin May,23,LAD,23,5,5,1,1,3,0,0,2,3,0.4,1,0,0,0,2,40%,59.2,74,46,4,1,0,4,5.4,5.9,4.6,74,2,3,0,0,93
270,Mike Mayers,29,LAA,75,72,2,0,1,1,0,0,1,1,0.5,0,1,0,0,0,0%,42,43,41,27,8,2,0,6.9,0,1.8,32,2,0,0,0,34
271,Darren McCaughan,25,SEA,9,2,1,0,0,1,0,0,1,0,1,0,1,0,0,0,0%,19,19,19,0,0,0,0,12.4,0,4,86,0,1,0,0,86
272,Shane McClanahan*,24,TBR,123.1,25,25,10,6,9,6,1,15,10,0.6,1,2,0,0,6,24%,53.7,69,38,7,4,0,20,5.4,4.5,4.9,78,13,11,1,0,101
273,Lance McCullers Jr.,27,HOU,162.1,28,28,13,5,10,4,2,17,11,0.607,4,4,0,0,15,54%,57.6,79,29,21,12,0,18,5.2,5,5.8,100,1,11,16,0,111
274,Collin McHugh,34,TBR,64,37,7,0,0,7,0,0,4,3,0.571,0,0,0,0,0,0%,55,61,48,10,1,3,3,4.7,0,1.7,23,7,0,0,0,36
275,Triston McKenzie,23,CLE,120,25,24,5,9,10,1,2,10,14,0.417,3,5,0,0,9,38%,52.3,91,20,18,7,0,16,3.7,2.9,4.8,80,10,13,1,0,106
276,John Means*,28,BAL,146.2,26,26,6,9,11,0,2,8,18,0.308,5,5,1,1,12,46%,55.3,99,21,16,5,0,16,3.2,3,5.6,90,5,16,5,0,113
277,Adonis Medina,24,PHI,7.2,4,1,0,0,1,0,0,1,0,1,0,1,0,0,0,0%,50,50,50,2,0,0,0,2.8,0,3.7,69,1,0,0,0,69
278,Tylor Megill,25,NYM,89.2,18,18,4,6,8,2,0,10,8,0.556,1,3,1,0,4,22%,51.1,72,16,8,1,0,11,4.6,4,5,86,5,13,0,0,98
279,Humberto Mejia,24,ARI,22.1,5,5,0,3,2,0,0,1,4,0.2,1,1,0,0,0,0%,39.2,52,24,4,1,0,4,2.8,3.3,4.5,84,2,3,0,0,99
280,J.C. Mejia,24,CLE,52.1,17,11,0,7,4,0,0,2,9,0.182,0,0,0,0,1,9%,37.2,64,7,9,5,1,5,3.7,2.9,3.8,75,6,5,0,0,98
281,Conner Menez*,26,SFG,14,8,1,0,0,1,0,0,1,0,1,0,0,0,0,0,0%,54,54,54,0,0,1,0,2.3,0,2,43,1,0,0,0,43
282,Julian Merryweather,29,TOR,13,13,1,0,0,1,0,0,0,1,0,0,0,0,0,0,0%,50,50,50,1,0,1,0,1,0,1,21,1,0,0,0,21
283,Keynan Middleton,27,SEA,31,32,1,0,1,0,0,0,0,1,0,0,0,0,0,0,0%,23,23,23,10,2,1,0,3,0,1,30,1,0,0,0,30
284,Miles Mikolas,32,STL,44.2,9,9,2,3,4,1,0,5,4,0.556,0,3,0,0,1,11%,49.3,64,35,4,0,0,6,4.6,4.9,5,79,4,5,0,0,96
285,Wade Miley*,34,CIN,163,28,28,12,7,9,2,1,17,11,0.607,3,4,1,1,15,54%,52.9,94,7,17,3,0,18,6.3,5.3,5.8,93,5,13,10,0,114
286,Alec Mills,29,CHC,119,32,20,4,7,9,2,1,8,12,0.4,2,4,0,0,4,20%,46.5,76,15,20,13,1,12,3.7,4.1,5,79,8,10,2,0,103
287,Tommy Milone*,34,TOR,14,6,1,0,0,1,0,0,0,1,0,0,0,0,0,0,0%,47,47,47,7,2,0,1,2.6,3,2.3,39,1,0,0,0,39
288,Mike Minor*,33,KCR,158.2,28,28,8,12,8,2,1,10,18,0.357,4,4,0,0,9,32%,49.9,74,9,17,8,0,15,4.2,4,5.7,94,3,20,5,0,107
289,Casey Mize,24,DET,150.1,30,30,7,9,14,1,3,15,15,0.5,2,3,1,0,12,40%,52.7,73,24,5,1,0,22,3.9,3.9,5,79,12,16,2,0,103
290,Frankie Montas,28,OAK,187,32,32,13,9,10,2,3,17,15,0.531,2,5,0,0,20,63%,56.2,80,17,13,1,0,19,4.5,4.3,5.8,95,3,18,11,0,109
291,Jordan Montgomery*,28,NYY,157.1,30,30,6,7,17,3,3,17,13,0.567,4,7,0,0,9,30%,52.3,78,18,22,4,0,22,4.1,3.2,5.2,86,9,19,2,0,105
292,Matt Moore*,32,PHI,73,24,13,1,4,8,0,0,9,4,0.692,2,2,0,0,1,8%,42.8,78,25,13,5,1,9,6.6,3.6,4.3,75,10,3,0,0,96
293,Adrián Morejón*,22,SDP,4.2,2,2,0,0,2,0,0,1,1,0.5,0,1,0,0,0,0%,48.5,52,45,1,0,0,2,2,1.8,2.3,40,2,0,0,0,64
294,Eli Morgan,25,CLE,89.1,18,18,5,7,6,2,1,9,9,0.5,1,2,0,0,5,28%,48.3,75,17,10,7,0,11,5.1,4.8,5,79,8,10,0,0,96
295,Charlie Morton,37,ATL,185.2,33,33,14,6,13,4,1,17,16,0.515,6,3,0,0,19,58%,58,84,31,14,4,0,20,4.6,5.3,5.6,91,4,22,7,0,112
296,Kyle Muller*,23,ATL,36.2,9,8,2,4,2,2,0,4,4,0.5,0,1,0,0,0,0%,53.4,72,21,3,2,0,5,4.4,2.6,4.5,82,3,4,1,0,102
297,Joe Musgrove,28,SDP,181.1,32,31,11,9,11,3,3,17,14,0.548,2,7,2,2,15,48%,57.4,97,25,9,1,0,20,4.2,3.2,5.7,93,3,22,6,0,112
298,Packy Naughton*,25,LAA,22.2,7,5,0,4,1,0,0,1,4,0.2,0,0,0,0,0,0%,39.8,66,29,5,3,0,4,3,2,3.5,62,5,0,0,0,78
299,Nick Neidert,24,MIA,35.2,8,7,1,2,4,1,0,4,3,0.571,0,0,0,0,0,0%,45.6,56,29,3,1,0,7,3.7,3.7,4.5,76,6,1,0,0,85
300,Jimmy Nelson,32,LAD,29,28,1,0,0,1,0,0,0,1,0,0,0,0,0,0,0%,54,54,54,8,1,1,0,2,0,1.7,41,1,0,0,0,41
301,Nick Nelson,25,NYY,14.1,11,2,0,1,1,0,0,1,1,0.5,0,0,0,0,0,0%,43.5,46,41,4,0,0,2,3.5,13.5,0.8,31,2,0,0,0,32
302,Ljay Newsome,24,SEA,14.2,7,1,0,1,0,0,0,0,1,0,0,0,0,0,0,0%,9,9,9,1,0,0,1,5,0,2,52,1,0,0,0,52
303,Aaron Nola,28,PHI,180.2,32,32,9,9,14,5,2,15,17,0.469,3,7,1,1,11,34%,53.6,93,19,17,7,0,18,5,4.5,5.6,93,3,19,10,0,117
304,Sean Nolin*,31,WSN,26.2,10,5,0,2,3,0,0,1,4,0.2,0,1,0,0,0,0%,44.6,54,29,4,1,0,4,2.7,1.8,3.5,63,3,1,1,0,102
305,Darien Núñez*,28,LAD,7.2,6,1,0,0,1,0,0,1,0,1,0,1,0,0,0,0%,45,45,45,3,2,1,0,9,4.5,2,29,1,0,0,0,29
306,Riley O'Brien,26,CIN,1.1,1,1,0,1,0,0,0,0,1,0,0,0,0,0,0,0%,41,41,41,2,0,0,1,1,0,1.3,42,1,0,0,0,42
307,Bailey Ober,25,MIN,92.1,20,20,3,3,14,2,1,12,8,0.6,2,6,0,0,2,10%,50.9,67,33,9,4,0,13,4.6,4.2,4.6,74,13,7,0,0,93
308,Jake Odorizzi,31,HOU,104.2,24,23,6,7,10,5,1,12,11,0.522,2,2,0,0,2,9%,49.8,75,22,12,3,0,18,6.1,6.3,4.4,78,9,12,2,0,103
309,Shohei Ohtani,26,LAA,130.1,23,23,9,2,12,1,1,13,10,0.565,3,3,0,0,14,61%,58.7,74,17,11,6,0,23,4.3,4,5.7,88,6,13,4,0,117
310,Corey Oswalt,27,NYM,10.1,3,1,0,1,0,0,0,0,1,0,0,0,0,0,0,0%,45,45,45,2,0,0,1,2.6,4.5,4,65,1,0,0,0,65
311,Glenn Otto,25,TEX,23.1,6,6,0,3,3,0,0,1,5,0.167,1,1,0,0,0,0%,39,70,16,5,2,0,6,3.2,2.6,3.9,75,4,2,0,0,84
312,Connor Overton,27,TOT,15.1,9,3,0,1,2,0,0,0,3,0,0,0,0,0,0,0%,,57,27,1,1,3,0,2.3,7.7,2.2,48,3,0,0,0,64
313,Connor Overton,27,PIT,8.2,5,3,0,1,2,0,0,0,3,0,0,0,0,0,0,0%,41.3,57,27,1,1,3,0,2.3,7.7,2.2,48,3,0,0,0,64
314,Johan Oviedo,23,STL,62.1,14,13,0,5,8,0,0,4,9,0.308,1,2,0,0,2,15%,45,69,31,11,2,0,8,4.4,4.7,4.4,79,6,7,0,0,98
315,Luis Oviedo,22,PIT,29.2,22,1,0,1,0,0,0,0,1,0,0,0,0,0,0,0%,14,14,14,6,5,0,1,0,0,1,55,1,0,0,0,55
316,Chris Paddack,25,SDP,108.1,23,22,7,7,8,4,1,14,8,0.636,0,3,0,0,7,32%,48.2,66,5,8,4,0,14,6.8,6.6,4.8,83,8,13,1,0,102
317,Luis Patino,21,TBR,77.1,19,15,3,3,9,1,0,8,7,0.533,0,6,0,0,2,13%,48.9,72,31,12,3,0,11,5.9,3.8,4.6,81,6,6,3,0,103
318,James Paxton*,32,SEA,1.1,1,1,0,0,1,0,0,0,1,0,0,0,0,0,0,0%,51,51,51,1,1,0,1,4,0,1.3,21,1,0,0,0,21
319,Joel Payamps,27,TOT,50.1,37,1,0,0,1,0,0,1,0,1,0,0,0,0,0,0%,,51,51,10,4,1,0,5.1,6,2.3,33,1,0,0,0,33
320,Joel Payamps,27,KCR,20.1,15,1,0,0,1,0,0,1,0,1,0,0,0,0,0,0%,51,51,51,3,2,1,0,5.1,6,2.3,33,1,0,0,0,33
321,Brad Peacock,33,BOS,5.1,2,1,0,1,0,0,0,0,1,0,0,0,0,0,0,0%,31,31,31,2,2,0,1,5,3,2.3,48,1,0,0,0,48
322,Matt Peacock,27,ARI,86.1,35,8,1,5,2,0,0,2,6,0.25,1,1,0,0,1,13%,44.3,60,35,5,0,2,2,4,2.1,4.3,70,4,4,0,0,94
323,Nate Pearson,24,TOR,15,12,1,0,1,0,0,0,0,1,0,0,0,0,0,0,0%,32,32,32,2,0,0,1,4,0,2.3,64,1,0,0,0,64
324,Freddy Peralta,25,MIL,144.1,28,27,10,5,12,3,3,18,9,0.667,2,5,1,0,14,52%,60.7,82,36,7,2,0,23,5.2,3.8,5.3,85,7,17,3,0,109
325,Wandy Peralta*,29,TOT,51,56,1,0,0,1,0,0,1,0,1,0,0,0,0,0,0%,,53,53,11,1,0,1,2.5,0,1.7,26,1,0,0,0,26
326,Wandy Peralta*,29,NYY,42.2,46,1,0,0,1,0,0,1,0,1,0,0,0,0,0,0%,53,53,53,11,1,0,1,2.5,0,1.7,26,1,0,0,0,26
327,Wily Peralta,32,DET,93.2,19,18,4,5,9,1,2,9,9,0.5,1,1,0,0,6,33%,50.9,77,23,7,1,2,10,4.9,4.8,5.1,85,4,12,2,0,100
328,Martin Perez*,30,BOS,114,36,22,7,8,7,4,0,12,10,0.545,0,3,0,0,4,18%,46.6,70,19,23,6,0,12,4.4,4.7,4.5,74,13,9,0,0,97
329,Dillon Peters*,28,PIT,26.2,6,6,1,2,3,1,0,3,3,0.5,1,1,0,0,0,0%,50.2,61,36,1,0,0,6,4,4.2,4.4,74,5,1,0,0,80
330,David Peterson*,25,NYM,66.2,15,15,2,6,7,0,2,6,9,0.4,2,3,0,0,6,40%,48,72,20,17,8,0,9,3.9,3.4,4.4,75,8,7,0,0,95
331,David Phelps,34,TOR,10.1,11,1,0,0,1,0,0,0,1,0,0,0,0,0,0,0%,54,54,54,2,1,1,0,1,0,1,20,1,0,0,0,20
332,Michael Pineda,32,MIN,109.1,22,21,8,8,5,7,1,10,11,0.476,3,1,0,0,6,29%,50.9,78,26,11,2,0,17,4.5,3.7,5.1,79,10,9,2,0,102
333,Nick Pivetta,28,BOS,155,31,30,9,8,13,6,1,16,14,0.533,2,5,0,0,8,27%,51.5,81,24,17,3,0,20,5.1,4.9,5.1,91,6,15,9,0,111
334,Zach Plesac,26,CLE,142.2,25,25,10,6,9,5,2,14,11,0.56,1,5,0,0,9,36%,49.9,83,14,15,6,0,15,4.8,4.4,5.7,88,4,17,4,0,112
335,Adam Plutko,29,BAL,56.1,38,1,0,0,1,0,0,1,0,1,0,1,0,0,0,0%,28,28,28,13,2,1,0,11.3,0,1,24,1,0,0,0,24
336,Daniel Ponce de Leon,29,STL,33.1,24,2,1,1,0,1,0,1,1,0.5,0,0,0,0,0,0%,34.5,59,10,12,5,0,2,3.5,6,3.2,73,1,1,0,0,93
337,Cody Ponce,27,PIT,38.1,15,2,0,2,0,0,0,0,2,0,0,0,0,0,0,0%,28.5,34,23,5,0,1,1,2.5,4.5,3.3,73,1,1,0,0,87
338,Cody Poteet,26,MIA,30.2,7,7,2,3,2,1,0,3,4,0.429,1,0,0,0,1,14%,50,75,29,2,0,0,5,4.3,5.1,4.4,78,4,3,0,0,93
339,David Price*,35,LAD,73.2,39,11,0,2,9,0,0,4,7,0.364,1,1,0,0,0,0%,50.3,63,39,15,1,2,3,3.5,3,3.8,57,11,0,0,0,75
340,Cal Quantrill,26,CLE,149.2,40,22,8,2,12,1,0,10,12,0.455,5,1,0,0,12,55%,54.8,80,21,13,8,2,12,5.1,5.5,5.5,86,6,12,4,0,109
341,Jose Quintana*,32,TOT,63,29,10,0,3,7,0,0,5,5,0.5,1,2,0,0,0,0%,,63,19,22,9,1,7,4.6,4.2,3.5,74,6,4,0,0,97
342,Jose Quintana*,32,LAA,53.1,24,10,0,3,7,0,0,5,5,0.5,1,2,0,0,0,0%,40.4,63,19,18,8,1,7,4.6,4.2,3.5,74,6,4,0,0,97
343,Drew Rasmussen,25,TOT,76,35,10,3,0,7,3,0,7,3,0.7,0,1,0,0,0,0%,,67,45,8,0,1,7,6.1,5.3,4.2,55,10,0,0,0,74
344,Drew Rasmussen,25,TBR,59,20,10,3,0,7,3,0,7,3,0.7,0,1,0,0,0,0%,57.1,67,45,6,0,1,7,6.1,5.3,4.2,55,10,0,0,0,74
345,Robbie Ray*,29,TOR,193.1,32,32,13,7,12,1,1,17,15,0.531,0,4,0,0,23,72%,60.9,85,39,10,0,0,13,4.9,4.9,6,98,1,16,15,0,112
346,Jake Reed,28,TOT,10,10,1,0,0,1,0,0,0,1,0,0,1,0,0,0,0%,,47,47,1,0,1,0,6,0,1,12,1,0,0,0,12
347,Jake Reed,28,LAD,5.1,6,1,0,0,1,0,0,0,1,0,0,1,0,0,0,0%,47,47,47,0,0,1,0,6,0,1,12,1,0,0,0,12
348,Garrett Richards,33,BOS,136.2,40,22,6,7,9,3,1,11,11,0.5,4,3,0,0,4,18%,44.5,69,18,19,9,0,13,5.2,5.9,5,86,5,16,1,0,101
349,Tanner Roark,34,TOR,7,3,1,0,1,0,0,0,0,1,0,0,0,0,0,0,0%,29,29,29,0,0,0,1,4,3,3,59,1,0,0,0,59
350,David Robertson,36,TBR,12,12,1,0,0,1,0,0,1,0,1,0,0,0,0,0,0%,53,53,53,1,0,1,0,9,0,1,13,1,0,0,0,13
351,Carlos Rodon*,28,CHW,132.2,24,24,13,5,6,7,1,16,8,0.667,0,2,1,1,9,38%,62.1,94,34,2,0,0,18,4.5,4.5,5.5,92,6,10,8,0,114
352,Chris Rodriguez,22,LAA,29.2,15,2,0,1,1,0,1,1,1,0.5,0,0,0,0,1,50%,50.5,55,46,11,4,0,2,3.9,2.5,5,77,1,1,0,0,86
353,Eduardo Rodriguez*,28,BOS,157.2,32,31,12,8,11,6,0,19,12,0.613,4,5,0,0,9,29%,49.7,74,24,24,8,0,18,5,4.7,5.1,88,6,21,4,0,109
354,Jefry Rodriguez,27,WSN,24.1,14,1,0,0,1,0,0,0,1,0,0,0,0,0,0,0%,59,59,59,0,0,0,1,1.1,0,4,60,1,0,0,0,60
355,Josh Rogers*,26,WSN,35.2,6,6,2,2,2,1,0,2,4,0.333,2,0,0,0,2,33%,52.8,70,37,5,0,0,3,4.2,3.3,5.9,89,1,3,2,0,103
356,Trevor Rogers*,23,MIA,133,25,25,7,8,10,1,1,11,14,0.44,4,4,0,0,9,36%,57.5,76,44,9,5,0,15,4,3.5,5.3,87,4,21,0,0,99
357,Joe Ross,28,WSN,108,20,19,5,9,5,0,2,6,13,0.316,2,1,0,0,8,42%,52.7,81,9,11,4,0,7,3.7,4.5,5.4,85,5,11,3,0,108
358,Joe Ryan,25,MIN,26.2,5,5,2,1,2,1,0,2,3,0.4,0,1,0,0,1,20%,57.4,79,31,2,0,0,5,3.3,3.7,5.3,82,1,4,0,0,89
359,Hyun Jin Ryu*,34,TOR,169,31,31,14,10,7,5,2,19,12,0.613,2,2,1,1,13,42%,50.9,76,13,19,6,0,18,6.3,6.6,5.5,87,7,20,4,0,107
360,Chris Sale*,32,BOS,42.2,9,9,5,1,3,5,0,7,2,0.778,0,2,0,0,1,11%,52.9,62,34,8,1,0,6,8.8,7.7,4.7,82,3,6,0,0,95
361,Adrian Sampson,29,CHC,35.1,10,5,1,1,3,1,0,3,2,0.6,1,1,0,0,1,20%,53.8,62,48,2,1,0,4,5.4,5,4.8,77,3,2,0,0,91
362,Aaron Sanchez,28,SFG,35.1,9,7,1,1,5,1,0,3,4,0.429,0,2,0,0,0,0%,51.4,65,35,5,0,1,3,5.1,4.6,4.3,71,4,3,0,0,83
363,Cristopher Sanchez*,24,PHI,12.2,7,1,0,0,1,0,0,1,0,1,0,1,0,0,0,0%,29,29,29,2,2,0,0,13.5,,0.3,15,1,0,0,0,15
364,Patrick Sandoval*,24,LAA,87,17,14,3,6,5,1,2,7,7,0.5,2,1,0,0,4,29%,56,90,39,13,7,0,11,4,3.4,5.7,94,1,7,6,0,115
365,Reiver Sanmartin*,25,CIN,11.2,2,2,2,0,0,1,0,2,0,1,0,0,0,0,1,50%,59,59,59,3,0,0,2,10.1,11.5,5.8,91,0,2,0,0,93
366,Ervin Santana,38,KCR,65.1,38,2,0,1,1,0,0,1,1,0.5,0,1,0,0,0,0%,46,52,40,9,1,1,1,4.6,2.6,3,42,2,0,0,0,47
367,Hector Santiago*,33,SEA,26.1,13,1,0,0,1,0,0,0,1,0,0,0,0,0,0,0%,51,51,51,5,1,0,0,1,2.5,3,33,1,0,0,0,33
368,Tony Santillan,24,CIN,43.1,26,4,1,2,1,0,0,2,2,0.5,0,0,0,0,1,25%,49.5,67,39,5,0,0,2,4.5,3.9,4.2,82,2,1,1,0,104
369,Max Scherzer,36,TOT,179.1,30,30,15,4,11,4,3,22,8,0.733,3,2,1,0,18,60%,64,89,28,4,1,0,17,5.1,5.1,6,94,3,11,16,0,109
370,Max Scherzer,36,WSN,111,19,19,8,4,7,3,3,11,8,0.579,2,0,1,0,11,58%,62.9,83,29,2,1,0,10,4.1,4.3,5.8,94,1,7,11,0,109
371,Max Scherzer,36,LAD,68.1,11,11,7,0,4,1,0,11,0,1,1,2,0,0,7,64%,65.8,89,28,2,0,0,7,7,6.3,6.2,94,2,4,5,0,109
372,Clarke Schmidt,25,NYY,6.1,2,1,0,0,1,0,0,0,1,0,0,1,0,0,0,0%,34,34,34,3,1,0,1,6,3.6,4.3,90,0,1,0,0,90
373,Connor Seabold,25,BOS,3,1,1,0,0,1,0,0,1,0,1,0,0,0,0,0,0%,43,43,43,0,0,0,1,8.1,21,3,43,1,0,0,0,43
374,Antonio Senzatela,26,COL,156.2,28,28,4,10,14,0,3,11,17,0.393,5,5,0,0,15,54%,48.6,77,14,17,7,0,17,4,3.6,5.6,86,7,19,2,0,105
375,Justus Sheffield*,25,SEA,80.1,21,15,5,8,2,3,0,7,8,0.467,1,0,0,0,3,20%,40.3,69,20,16,6,0,15,3.5,4.1,4.9,89,4,9,2,0,103
376,Matt Shoemaker,34,MIN,60.1,16,11,2,7,2,1,1,3,8,0.273,2,0,0,0,3,27%,41,67,4,7,5,0,7,4.8,4.5,4.6,79,4,7,0,0,96
377,Brady Singer,24,KCR,128.1,27,27,5,10,12,1,0,10,17,0.37,3,5,1,0,10,37%,47.3,75,12,22,3,0,16,3.9,3.5,4.8,85,8,13,6,0,106
378,Tarik Skubal*,24,DET,149.1,31,29,8,11,10,4,2,14,15,0.483,1,6,0,0,8,28%,51.7,77,28,11,3,0,19,4.3,3.5,5,84,7,20,2,0,103
379,Caleb Smith*,29,ARI,113.2,45,13,1,8,4,0,1,3,10,0.231,0,2,0,0,3,23%,45.5,71,3,10,6,0,8,2.6,1.4,4.4,84,5,5,3,0,103
380,Drew Smith,27,NYM,41.1,31,1,0,0,1,0,0,0,1,0,0,0,0,0,0,0%,53,53,53,3,1,1,0,5,13.5,2,24,1,0,0,0,24
381,Riley Smith,26,ARI,67.1,24,6,1,4,1,0,0,1,5,0.167,0,1,0,0,1,17%,36.5,49,9,2,1,0,3,3.7,3.5,4.2,64,5,1,0,0,82
382,Drew Smyly*,32,ATL,126.2,29,23,9,4,10,5,0,14,9,0.609,2,4,0,0,6,26%,48.2,69,25,11,3,0,16,5.4,4.7,5,87,4,18,1,0,109
383,Blake Snell*,28,SDP,128.2,27,27,7,6,14,3,1,12,15,0.444,1,7,0,0,7,26%,53.6,85,13,11,3,0,17,3.8,3.3,4.8,87,5,15,6,1,122
384,Craig Stammen,37,SDP,88.1,67,4,0,0,4,0,0,3,1,0.75,0,1,0,0,0,0%,45,53,30,6,1,4,0,5.9,6.8,2,34,4,0,0,0,45
385,Justin Steele*,25,CHC,57,20,9,2,4,3,1,0,3,6,0.333,1,1,0,0,1,11%,47.9,75,31,5,4,0,8,5.5,4.9,4.9,81,5,3,1,0,101
386,Kohl Stewart,26,CHC,13.2,4,3,1,1,1,1,0,2,1,0.667,0,1,0,0,0,0%,43,60,31,4,2,0,2,6.5,4,4.2,72,3,0,0,0,79
387,Robert Stock,31,TOT,9,3,3,0,2,1,0,0,0,3,0,0,0,0,0,0,0%,41.6,49,31,0,0,0,3,2.2,2,3,56,3,0,0,0,79
388,Robert Stock,31,CHC,4,1,1,0,1,0,0,0,0,1,0,0,0,0,0,0,0%,31,31,31,0,0,0,1,3,2.3,4,79,1,0,0,0,79
389,Robert Stock,31,NYM,5,2,2,0,1,1,0,0,0,2,0,0,0,0,0,0,0%,47,49,45,0,0,0,2,1.7,1.8,2.5,45,2,0,0,0,68
390,Matt Strahm*,29,SDP,6.2,6,1,0,1,0,0,0,0,1,0,0,0,0,0,0,0%,43,43,43,4,0,1,0,3,0,1.3,44,1,0,0,0,44
391,Stephen Strasburg,32,WSN,21.2,5,5,1,2,2,1,0,2,3,0.4,0,0,0,0,1,20%,50.4,76,14,5,3,0,4,4.1,1.6,4.3,72,2,3,0,0,88
392,Ross Stripling,31,TOR,101.1,24,19,5,6,8,4,1,10,9,0.526,3,2,0,0,3,16%,49.8,71,17,14,4,0,13,4.6,4.6,4.5,77,11,7,1,0,101
393,Marcus Stroman,30,NYM,179,33,33,10,13,10,2,2,16,17,0.485,5,1,0,0,16,48%,55.2,86,30,13,3,1,15,3.8,3.4,5.4,83,8,24,1,0,114
394,Jose Suarez*,23,LAA,98.1,23,14,5,7,2,4,0,6,8,0.429,0,1,1,0,1,7%,49.8,81,26,18,8,0,14,3.8,3.3,5.1,87,4,8,2,0,102
395,Ranger Suarez*,25,PHI,106,39,12,3,2,7,1,1,7,5,0.583,3,0,1,1,6,50%,60.9,86,34,8,1,1,5,3.7,3.2,5.5,85,3,7,2,0,102
396,Brent Suter*,31,MIL,73.1,61,1,0,1,0,0,0,0,1,0,0,0,0,0,0,0%,38,38,38,6,2,1,0,1,0,2.3,39,1,0,0,0,39
397,Erik Swanson,27,SEA,35.1,33,2,0,0,2,0,0,0,2,0,0,0,0,0,0,0%,54,59,49,7,3,0,1,5.5,7.2,2.3,36,2,0,0,0,45
398,Noah Syndergaard,28,NYM,2,2,2,0,1,1,0,0,1,1,0.5,0,0,0,0,0,0%,47,55,39,0,0,0,1,1,0,1,13,2,0,0,0,16
399,Jameson Taillon,29,NYY,144.1,29,29,8,6,15,5,1,17,12,0.586,3,4,0,0,8,28%,51.5,73,24,24,3,0,17,5.4,4.5,5,82,9,18,2,0,101
400,Julio Teheran,30,DET,5,1,1,1,0,0,1,0,1,0,1,0,0,0,0,0,0%,55,55,55,0,0,0,1,5.6,3.6,5,90,0,1,0,0,90
401,Keegan Thompson,26,CHC,53.1,32,6,0,1,5,0,0,3,3,0.5,0,2,0,0,0,0%,45,57,27,11,2,1,5,5.4,3.4,2.7,58,6,0,0,0,73
402,Zach Thompson,27,MIA,75,26,14,2,7,5,1,0,3,11,0.214,2,3,0,0,3,21%,52.7,67,36,2,0,1,9,2.9,2,4.5,71,10,4,0,0,91
403,Trent Thornton,27,TOR,49,37,3,0,0,3,0,0,2,1,0.667,0,2,0,0,0,0%,45.3,52,39,14,6,2,1,7.4,7.2,1.8,33,3,0,0,0,42
404,Lewis Thorpe*,25,MIN,15.1,5,4,0,2,2,0,0,1,3,0.25,0,1,0,0,0,0%,44.3,49,40,5,3,0,4,3.3,1.8,3.6,60,3,1,0,0,80
405,Touki Toussaint,25,ATL,50,11,10,3,3,4,1,1,6,4,0.6,1,2,0,0,3,30%,50.2,73,23,8,1,1,6,5.1,5.7,4.9,81,5,5,0,0,97
406,Spencer Turnbull,28,DET,50,9,9,4,2,3,2,1,4,5,0.444,0,1,1,1,4,44%,57.6,94,36,5,2,0,4,5.7,4.3,5.6,86,2,5,2,0,117
407,Edwin Uceta,23,LAD,20.1,14,1,0,1,0,0,0,0,1,0,0,0,0,0,0,0%,41,41,41,6,3,0,1,1,0,2,27,1,0,0,0,27
408,Jose Urena,29,DET,100.2,26,18,2,8,8,1,2,7,11,0.389,0,3,0,0,4,22%,42.9,69,13,16,3,0,14,3.7,2.6,4.6,79,5,12,1,0,100
409,Julio Urias*,24,LAD,185.2,32,32,20,3,9,8,0,26,6,0.813,2,4,0,0,13,41%,58.2,85,22,11,1,0,20,6.2,6.4,5.8,87,5,26,1,0,101
410,Jose Urquidy,26,HOU,107,20,20,8,3,9,1,0,14,6,0.7,3,3,0,0,9,45%,55.2,76,26,3,1,0,13,6.8,6.6,5.4,81,6,12,2,0,103
411,Framber Valdez*,27,HOU,134.2,22,22,11,6,5,2,2,13,9,0.591,2,3,1,0,13,59%,56.4,76,29,9,1,0,15,5.4,4.6,6.1,95,1,16,5,0,108
412,Vince Velasquez,29,TOT,94.1,25,21,3,9,9,0,0,8,13,0.381,3,2,0,0,3,14%,45.8,80,11,13,8,2,11,4.7,4.1,4.2,77,10,10,1,0,112
413,Vince Velasquez,29,PHI,81.2,21,17,3,6,8,0,0,8,9,0.471,3,2,0,0,3,18%,46.6,80,11,13,8,1,10,4.7,4,4.5,82,6,10,1,0,112
414,Vince Velasquez,29,SDP,12.2,4,4,0,3,1,0,0,0,4,0,0,0,0,0,0,0%,42.5,46,40,0,0,1,1,4.6,4.2,3.2,59,4,0,0,0,71
415,Austin Voth,29,WSN,57.1,49,1,0,0,1,0,0,0,1,0,0,0,0,0,0,0%,58,58,58,6,4,0,0,6,0,2,24,1,0,0,0,24
416,Michael Wacha,29,TBR,124.2,29,23,3,5,15,0,0,12,11,0.522,2,5,0,0,3,13%,49.9,77,20,6,3,0,16,4.4,3.4,4.7,74,13,9,1,0,100
417,Adam Wainwright,39,STL,206.1,32,32,17,7,8,4,3,22,10,0.688,2,4,3,1,22,69%,58.7,90,20,12,3,0,17,4.9,4.2,6.4,96,2,16,14,0,113
418,Taijuan Walker,28,NYM,159,30,29,7,11,11,2,2,15,14,0.517,3,4,0,0,10,34%,52.3,81,17,18,6,1,17,5,3.8,5.3,84,6,20,3,0,106
419,Spenser Watkins,28,BAL,54.2,16,10,2,7,1,1,0,2,8,0.2,0,0,0,0,1,10%,38.9,65,13,3,2,1,5,4.7,4,4.6,82,3,7,0,0,97
420,Ryan Weathers*,21,SDP,94.2,30,18,2,5,11,2,0,6,12,0.333,1,4,0,0,0,0%,43.6,72,13,7,4,1,11,4.9,3.8,3.9,68,12,6,0,0,89
421,Luke Weaver,27,ARI,65.2,13,13,3,6,4,0,1,5,8,0.385,0,1,0,0,4,31%,51.3,82,30,3,0,0,11,4.2,4,5.1,85,4,8,1,0,102
422,Logan Webb,24,SFG,148.1,27,26,11,3,12,3,1,21,5,0.808,1,6,0,0,14,54%,57.3,76,33,10,5,0,12,5.5,5,5.7,85,7,17,2,0,107
423,Alexander Wells*,24,BAL,42.2,11,8,1,3,4,0,0,2,6,0.25,2,1,0,0,1,13%,41.1,62,21,3,1,0,5,4.2,4.7,4.6,80,3,5,0,0,93
424,Zack Wheeler,31,PHI,213.1,32,32,14,10,8,4,4,19,13,0.594,4,3,3,2,20,63%,62.2,93,36,14,6,0,18,4,3.3,6.7,100,1,14,17,0,118
425,Mitch White,26,LAD,46.2,21,4,0,3,1,0,0,1,3,0.25,0,0,0,0,0,0%,47.3,53,40,10,5,1,3,3.3,2.3,4,64,4,0,0,0,72
426,Taylor Widener,26,ARI,70.1,23,13,2,1,10,1,0,6,7,0.462,0,6,0,0,2,15%,50.7,68,29,9,4,0,9,5.4,2.6,4.7,80,4,9,0,0,98
427,Trevor Williams,29,TOT,91,23,15,4,2,9,1,0,10,5,0.667,2,4,0,0,3,20%,48.6,69,20,18,6,0,10,5.5,6.1,4.6,78,7,7,1,0,104
428,Trevor Williams,29,CHC,58.2,13,12,4,2,6,1,0,8,4,0.667,1,4,0,0,3,25%,48.2,69,20,14,5,0,7,5.7,6.4,4.6,80,5,6,1,0,104
429,Trevor Williams,29,NYM,32.1,10,3,0,0,3,0,0,2,1,0.667,1,0,0,0,0,0%,50,57,40,4,1,0,3,4.6,4.8,4.6,67,2,1,0,0,93
430,Bryse Wilson,23,TOT,74,16,16,3,7,6,2,1,5,11,0.313,2,2,0,0,4,25%,45.3,68,26,10,4,1,14,4.6,3.9,4.6,71,12,4,0,0,97
431,Bryse Wilson,23,ATL,33.2,8,8,2,3,3,1,0,2,6,0.25,1,1,0,0,2,25%,42.8,62,26,6,2,1,6,4.4,3.9,4.2,67,6,2,0,0,85
432,Bryse Wilson,23,PIT,40.1,8,8,1,4,3,1,1,3,5,0.375,1,1,0,0,2,25%,47.8,68,27,4,2,0,8,4.8,4,5,75,6,2,0,0,97
433,Nick Wittgren,30,CLE,62.1,60,1,0,1,0,0,0,0,1,0,0,0,0,0,0,0%,39,39,39,12,2,1,0,2.6,,0.7,30,1,0,0,0,30
434,Asher Wojciechowski,32,NYY,4,1,1,0,0,1,0,0,1,0,1,0,1,0,0,0,0%,49,49,49,0,0,0,1,5.8,0,4,83,0,1,0,0,83
435,Alex Wood*,30,SFG,138.2,26,26,10,4,12,3,1,19,7,0.731,4,2,0,0,9,35%,54,77,23,16,8,0,14,5,4.1,5.3,84,7,17,2,0,101
436,Jake Woodford,24,STL,67.2,26,8,2,3,3,2,0,5,3,0.625,0,1,0,0,0,0%,47.5,67,23,8,2,0,4,3.7,3.2,4.6,76,4,4,0,0,88
437,Brandon Woodruff,28,MIL,179.1,30,30,9,10,11,0,5,16,14,0.533,4,3,0,0,20,67%,61.7,83,30,6,2,0,28,3.8,2.5,6,94,5,14,11,0,106
438,Kyle Wright,25,ATL,6.1,2,2,0,1,1,0,0,1,1,0.5,0,0,0,0,0,0%,39,52,26,1,0,0,2,4,5.1,3.2,67,2,0,0,0,78
439,Miguel Yajure,23,PIT,15,4,3,0,2,1,0,0,1,2,0.333,0,0,0,0,0,0%,40.7,68,13,4,1,0,3,1.7,0.8,3.8,56,3,0,0,0,60
440,Jordan Yamamoto,25,NYM,6.2,2,1,0,1,0,0,0,0,1,0,0,0,0,0,0,0%,36,36,36,1,1,0,1,1,0,4,73,1,0,0,0,73
441,Hyeon-jong Yang*,33,TEX,35.1,12,4,0,3,1,0,0,1,3,0.25,0,0,0,0,0,0%,42.5,55,21,6,2,0,1,2.5,1.1,3.8,68,4,0,0,0,74
442,Ryan Yarbrough*,29,TBR,155,30,21,5,5,11,2,0,13,8,0.619,4,6,1,0,7,33%,46.5,73,11,9,2,0,14,6,4.5,5.6,87,7,10,4,0,113
443,Huascar Ynoa,23,ATL,91,18,17,4,6,7,1,2,9,8,0.529,2,3,0,0,6,35%,53.9,71,28,8,0,1,9,5,3.7,5.3,86,3,13,1,0,101
444,Alex Young*,27,TOT,52,40,2,0,1,1,0,0,0,2,0,0,0,0,0,0,0%,,41,26,9,3,0,1,8,9,3.5,64,2,0,0,0,70
445,Alex Young*,27,ARI,41.2,30,2,0,1,1,0,0,0,2,0,0,0,0,0,0,0%,33.5,41,26,5,1,0,1,8,9,3.5,64,2,0,0,0,70
446,Angel Zerpa*,21,KCR,5,1,1,0,1,0,0,0,0,1,0,0,0,0,0,0,0%,60,60,60,0,0,0,1,1,1.8,5,68,1,0,0,0,68
447,T.J. Zeuch,25,TOR,15,5,3,0,0,3,0,0,2,1,0.667,0,2,0,0,0,0%,44.3,56,38,2,0,0,2,4.2,4.9,3.7,63,3,0,0,0,65
448,Kyle Zimmer,29,KCR,54,52,2,0,0,2,0,0,1,1,0.5,0,0,0,0,0,0%,53,53,53,11,5,2,0,2.6,0,1.5,28,2,0,0,0,34
449,Bruce Zimmermann*,26,BAL,64.1,14,13,3,5,5,2,0,4,9,0.308,0,2,0,0,2,15%,45,60,26,12,2,0,7,4.6,5.5,4.5,79,4,9,0,0,95